Cleveland_Documents/2012-waterford-commercial--savings-bank-shareholder-voting-trust-waterford-oh-4452401.pdf
Cleveland_Documents/2012-waterford-commercial--savings-bank-shareholders-voting-trust-waterford-oh-4452401.pdf
Cleveland_Documents/2012-waterford-commercial-and-savings-bank-shareholders-voting-trust-waterford-oh-4452401.pdf
Cleveland_Documents/2012-waterford-commercial-and-savings-bank-sharholders-voting-trust-waterford-oh--4452401.pdf
Cleveland_Documents/2012-waterford-commercial-and-savings-bank-sharholders-voting-trust-waterford-oh-4452401.pdf
Cleveland_Documents/2012-waterford-commercial-and-savings-bank-waterford-oh--4452401.pdf
Cleveland_Documents/abs-financial-corp-portsmouth-oh--2506784.pdf
Cleveland_Documents/abs-financial-corporation-portsmouth-oh--2506784.pdf
Cleveland_Documents/allegheny-valley-bancorp-inc-pittsburgh-pa--1247419.pdf
Cleveland_Documents/allegheny-valley-bancorp-inc-pittsburgh-pa-1247419.pdf
Cleveland_Documents/allegheny-valley-bancorp-pittsburgh-pa--1247419.pdf
Cleveland_Documents/allegheny-valley-bancorp-pittsburgh-pa-1247419.pdf
Cleveland_Documents/andover-bancorp-inc-1071913.pdf
Cleveland_Documents/andover-bancorp-inc-andover-oh--1071913.pdf
Cleveland_Documents/andover-bancorp-inc-andover-oh-1071913.pdf
Cleveland_Documents/apollo-bancorp-inc-apollo-pa--1139000.pdf
Cleveland_Documents/apollo-bancorp-inc-apollo-pa-1139000.pdf
Cleveland_Documents/apple-creek-banc-corp-apple-creek-oh--1248993.pdf
Cleveland_Documents/apple-creek-banc-corp-apple-creek-oh-1248993.pdf
Cleveland_Documents/asb-financial-corp-portsmouth-oh--2506784.pdf
Cleveland_Documents/asb-financial-corporation-portsmount-oh--2506784.pdf
Cleveland_Documents/asb-financial-corporation-portsmount-oh-2506784.pdf
Cleveland_Documents/banco-harlan-inc-harlan-ky--1141843.pdf
Cleveland_Documents/banco-harlan-inc-harlan-ky--114843.pdf
Cleveland_Documents/bancorp-of-baltic-baltic-oh-5471931.pdf
Cleveland_Documents/bancorp-of-baltic-inc-baltic-oh-5471931.pdf
Cleveland_Documents/bancorp-of-lexington-inc-lexington-ky--3410141.pdf
Cleveland_Documents/bancorp-of-lexington-inc-lexington-ky--3825062.pdf
Cleveland_Documents/bancorp-of-lexington-inc-lexington-ky-3825062.pdf
Cleveland_Documents/bancorp-of-lexington-lexington-ky--3825062.pdf
Cleveland_Documents/bank-of-ky-financial-corporation-crestview-hills-ky--2291624.pdf
Cleveland_Documents/bankers-bancshares-inc-worthington-oh--3113349.pdf
Cleveland_Documents/bankers-bancshares-inc-worthington-oh-3113349.pdf
Cleveland_Documents/bath-county-banking-company-owingsville-ky--1071735.pdf
Cleveland_Documents/bath-county-banking-company-owingsville-ky-1071735.pdf
Cleveland_Documents/benchmark-bancorp-gahanna-oh--3927304.pdf
Cleveland_Documents/benchmark-bancorp-inc-gahanna-oh-3927304.pdf
Cleveland_Documents/bluegrass-bancshares-inc-lexington-ky--1244801-2.pdf
Cleveland_Documents/bluegrass-bancshares-inc-lexington-ky--1244801.pdf
Cleveland_Documents/bluegrass-bancshares-inc-lexington-ky-1244801.pdf
Cleveland_Documents/bnb-bancorp-brookville-oh---2560647.pdf
Cleveland_Documents/bnb-bancorp-inc-brookville-oh--2560647.pdf
Cleveland_Documents/buckeye-bancshare-inc-lorain-oh--2836294.pdf
Cleveland_Documents/buckeye-bancshares-inc-lorain-oh--2836294.pdf
Cleveland_Documents/buckeye-bancshares-inc-lorain-oh-2836294.pdf
Cleveland_Documents/buckeye-state-bancshares-inc-powell-oh-5314748.pdf
Cleveland_Documents/c-financial-corporation-dublin-oh--3533264.pdf
Cleveland_Documents/camco-financial-corporation-cambridge-oh--1251256.pdf
Cleveland_Documents/cb-financial-services-carmichaels-pa--3333718.pdf
Cleveland_Documents/cb-financial-services-inc-carmichaels-pa--3333718.pdf
Cleveland_Documents/cb-financial-services-inc-carmichaels-pa-3333718.pdf
Cleveland_Documents/cccb-bancorp-inc-clarion-pa-5493876.pdf
Cleveland_Documents/centergroup-financial-inc-milford-oh--4415693.pdf
Cleveland_Documents/centergroup-financial-inc-milford-oh-4415693.pdf
Cleveland_Documents/central-bancshares-inc-lexington-ky--2158156.pdf
Cleveland_Documents/central-bancshares-inc-lexington-ky-2158156.pdf
Cleveland_Documents/central-bancshares-inc-saint-paris-oh-2024318.pdf
Cleveland_Documents/central-bancshares-inc-st-paris-oh--2024318.pdf
Cleveland_Documents/central-bancshares-inc-st-paris-oh-2024318.pdf
Cleveland_Documents/central-bancshares-stparis-oh--2024318.pdf
Cleveland_Documents/central-federal-corporation-worthingon-oh--3828577.pdf
Cleveland_Documents/central-federal-corporation-worthington-oh--3828577.pdf
Cleveland_Documents/central-federal-corporation-worthington-oh-3828577.pdf
Cleveland_Documents/central-ohio-bancorp-waverly-oh--3015612.pdf
Cleveland_Documents/central-ohio-bancorp-waverly-oh-3015612.pdf
Cleveland_Documents/cf-bankshares-inc-3828577.pdf
Cleveland_Documents/cf-bankshares-inc-columbus-oh-3828577.pdf
Cleveland_Documents/cf-bankshares-inc-worthington-oh-3828577.pdf
Cleveland_Documents/cf-mutual-holding-company-cincinnati-oh--4841564.pdf
Cleveland_Documents/cf-mutual-holding-company-cincinnati-oh-4841564.pdf
Cleveland_Documents/charleroi-financial-mhc-charleroi-pa--3831269.pdf
Cleveland_Documents/charleroi-financial-mhc-charleroi-pa-3831269.pdf
Cleveland_Documents/cheviot-financial-corp-cincinnati-oh--4368735.pdf
Cleveland_Documents/cheviot-financial-corp-cincinnatti-oh-4368735.pdf
Cleveland_Documents/cincinnati-bancorp-inc-cincinnati-oh-4841564.pdf
Cleveland_Documents/cincinnatus-community-bancorp-inc-cincinnati-oh--4301394.pdf
Cleveland_Documents/cincinnatus-community-bancorp-mhc-cheviot-oh--4301394.pdf
Cleveland_Documents/cincinnatus-community-bancorp-mhc-cheviot-oh-4301394.pdf
Cleveland_Documents/cincinnatus-community-bancorp-mhc-cincinnati-oh--4301394.pdf
Cleveland_Documents/citizens-bancorp-of-morehead-incorporated-moreheadky--1071865.pdf
Cleveland_Documents/citizens-bancorp-of-morehead-incorporated-the-morehead-ky-1071865.pdf
Cleveland_Documents/citizens-bancorp-of-morelandmorehead-ky--1071865.pdf
Cleveland_Documents/citizens-bancshares-inc-bluffton-oh--3248821.pdf
Cleveland_Documents/citizens-bancshares-inc-bluffton-oh-3248821.pdf
Cleveland_Documents/citizens-bancshares-inc-bluffton-ohio-3248821.pdf
Cleveland_Documents/citizens-bancshares-inc-somerset-ky--1070484.pdf
Cleveland_Documents/citizens-bancshares-inc-somerset-ky-1070484.pdf
Cleveland_Documents/citizens-commerce-bancshares-inc-versailles-ky--2702278.pdf
Cleveland_Documents/citizens-commerce-bancshares-inc-versailles-ky-2702278.pdf
Cleveland_Documents/citizens-commerce-bancshares-versailles-ky--2702278.pdf
Cleveland_Documents/citizens-guaranty-financial-corp-irvine-ky-1143294.pdf
Cleveland_Documents/citizens-guaranty-financial-corporation-irvin-ky-1143294.pdf
Cleveland_Documents/citizens-guaranty-financial-corporation-irvine-ky--1143294.pdf
Cleveland_Documents/citizens-guaranty-financial-corporation-irvine-ky-1143294.pdf
Cleveland_Documents/citizens-independent-bancorp-inc-logan-oh--2299077.pdf
Cleveland_Documents/citizens-independent-bancorp-inc-logan-oh-2299077.pdf
Cleveland_Documents/citizens-national-corporation-paintsville-ky--1071623.pdf
Cleveland_Documents/citizens-national-corporation-paintsville-ky-1071623.pdf
Cleveland_Documents/civista-bancshares-inc-sandusky-oh--1246533.pdf
Cleveland_Documents/civista-bancshares-inc-sandusky-oh-1246533.pdf
Cleveland_Documents/cnb-bancorp-inc-woodsfield-oh--2376969.pdf
Cleveland_Documents/cnb-bancorp-inc-woodsfield-oh-2376969.pdf
Cleveland_Documents/cnb-holdings-inc-mcconnelsville-oh--2951106.pdf
Cleveland_Documents/cnb-holdings-inc-mcconnelsville-oh-2951106.pdf
Cleveland_Documents/cnb-holdings-inc-mconnelsville-oh--2951106.pdf
Cleveland_Documents/colonial-banc-corp-vero-beach-fl-1070840.pdf
Cleveland_Documents/columbia-bancorp-cincinnati-oh--45220--3187247.pdf
Cleveland_Documents/columbus-first-bancorp-inc-worthington-oh--3960208.pdf
Cleveland_Documents/columbus-first-bancorp-inc-worthington-oh-3960208.pdf
Cleveland_Documents/columbus-first-bancorp-inc-wortrhington-oh--3690205.pdf
Cleveland_Documents/commercial-bancshares-inc-esop-2538860.pdf
Cleveland_Documents/commercial-bancshares-inc-esop-west-liberty-ky--2538860.pdf
Cleveland_Documents/commercial-bancshares-inc-savings--employee-stock-ownership-plan-west-liberty-ky-2538860.pdf
Cleveland_Documents/commercial-bancshares-inc-savings--esop-west-liberty-ky--2510727.pdf
Cleveland_Documents/commercial-bancshares-inc-savings--esop-west-liberty-ky-2510727.pdf
Cleveland_Documents/commercial-bancshares-inc-savings--esop-west-liberty-ky-2538860.pdf
Cleveland_Documents/commercial-bancshares-inc-savings-and-esop-west-liberty-ky--2510727.pdf
Cleveland_Documents/commercial-bancshares-inc-savings-esop-west-liberty-ky-2510727.pdf
Cleveland_Documents/commercial-bancshares-inc-upper-sandusky-oh--2300012.pdf
Cleveland_Documents/commercial-bancshares-inc-upper-sandusky-oh-2300012.pdf
Cleveland_Documents/commercial-grayson-bancshares-inc-grayson-ky--1071810.pdf
Cleveland_Documents/commercial-grayson-bancshares-inc-grayson-ky-1071810.pdf
Cleveland_Documents/commercial-national-financial-corp-latrobe-pa--1823738.pdf
Cleveland_Documents/commercial-national-financial-corporation-latrobe-pa--1823738.pdf
Cleveland_Documents/commercial-national-financial-corporation-latrobe-pa-1823738.pdf
Cleveland_Documents/commerical-bancshares-inc-upper-sandusky-oh--2300012.pdf
Cleveland_Documents/commerical-national-financial-corporation-latrobe-pa--1823738.pdf
Cleveland_Documents/commodore-financial-netword-somerset-oh--3316403.pdf
Cleveland_Documents/commodore-financial-network-inc-somerset-oh--3316403.pdf
Cleveland_Documents/commodore-financial-network-inc-somerset-oh-3316403.pdf
Cleveland_Documents/commodore-financial-network-somerset-oh-3316403.pdf
Cleveland_Documents/commonwealth-holdings-llc-burlington-ky--2332536.pdf
Cleveland_Documents/commonwealth-holdings-llc-burlington-ky-2332536.pdf
Cleveland_Documents/community-banc-inc-zanesville-oh--1249682.pdf
Cleveland_Documents/community-bancsahres-inc-mcarthur-oh--1070765.pdf
Cleveland_Documents/community-bancshares-inc-mcarthur-oh--1070765.pdf
Cleveland_Documents/community-bancshares-inc-mcarthur-oh-1070765.pdf
Cleveland_Documents/community-bancshares-inc-stanford-ky--1134283.pdf
Cleveland_Documents/community-bancshares-inc-stanford-ky-1134283.pdf
Cleveland_Documents/community-bankers-corporation-indiana-pa---852015.pdf
Cleveland_Documents/community-bankers-corporation-indiana-pa--1138928.pdf
Cleveland_Documents/community-bankers-corporation-indiana-pa-1138928.pdf
Cleveland_Documents/community-exchange-bancshares-hindman-ky--3923306.pdf
Cleveland_Documents/community-exchange-bancshares-inc-hindman-ky--3923306.pdf
Cleveland_Documents/community-exchange-bancshares-inc-hindman-ky-3923306.pdf
Cleveland_Documents/community-first-bancorp-inc-renoldsville-pa--2376950.pdf
Cleveland_Documents/community-first-bancorp-inc-reynoldsville-pa--2376950.pdf
Cleveland_Documents/community-first-bancorp-inc-reynoldsville-pa-2376950.pdf
Cleveland_Documents/community-first-bancorp-reynoldsville-pa--2376950.pdf
Cleveland_Documents/community-first-bancshares-forestoh---2293093.pdf
Cleveland_Documents/community-first-bancshares-inc-forest-oh--2293093.pdf
Cleveland_Documents/community-first-bancshares-inc-forest-oh-2293093.pdf
Cleveland_Documents/community-first-bancshares-inc-forest-ohio-2293093.pdf
Cleveland_Documents/community-holding-company-inez-ky--1071678.pdf
Cleveland_Documents/community-holding-company-inez-ky-1071678.pdf
Cleveland_Documents/community-holdings-company-inez-ky--1071678.pdf
Cleveland_Documents/community-independent-bancorp-inc-west-salem-oh--1883219.pdf
Cleveland_Documents/community-independent-bancorp-inc-west-salem-oh-1883219.pdf
Cleveland_Documents/community-investors-bancorp-inc--bucyrus-oh-3827918.pdf
Cleveland_Documents/community-investors-bancorp-inc-bucyrus-oh--3827918.pdf
Cleveland_Documents/community-investors-bancorp-inc-bucyrus-oh-3827918.pdf
Cleveland_Documents/community-investors-bancorp-inc-bucyrus-oh-3827918pdf.pdf
Cleveland_Documents/community-savings-bancorp-inc-caldwell-oh--5043691.pdf
Cleveland_Documents/community-savings-bancorp-inc-caldwell-oh-5043691.pdf
Cleveland_Documents/community-trust-bancorp-inc-pikeville-ky--1070644.pdf
Cleveland_Documents/community-trust-bancorp-inc-pikeville-ky-1070644.pdf
Cleveland_Documents/communitybanc-inc-zanesville-oh--1249682.pdf
Cleveland_Documents/communitybanc-inc-zanesville-oh-1249682.pdf
Cleveland_Documents/communitybanc-inczanesville-oh-1249682.pdf
Cleveland_Documents/comunibanc-corp-napoleon-oh--2513157.pdf
Cleveland_Documents/comunibanc-corp-napoleon-oh-2513157.pdf
Cleveland_Documents/conneaut-bancorp-mhc-canneaut-oh--4028897.pdf
Cleveland_Documents/conneaut-bancorp-mhc-conneaut-oh--4028897.pdf
Cleveland_Documents/conneaut-bancorp-mhc-conneaut-oh-4028897.pdf
Cleveland_Documents/consumer-bancorp-inc-minerva-oh--2286228.pdf
Cleveland_Documents/consumers-bancorp-inc-minerva-oh---2286228.pdf
Cleveland_Documents/consumers-bancorp-inc-minerva-oh--2286228.pdf
Cleveland_Documents/consumers-bancorp-inc-minerva-oh-2286228.pdf
Cleveland_Documents/consumers-bancorp-inc-minverva-oh--2286228.pdf
Cleveland_Documents/cortland-bancorp-cortland-oh--1130931.pdf
Cleveland_Documents/cortland-bancorp-cortland-oh-1130931.pdf
Cleveland_Documents/covington-financial-corporation-mhc-covington-oh--3828120.pdf
Cleveland_Documents/covington-financial-corporation-mhc-covington-oh-3828120.pdf
Cleveland_Documents/croghan-bancshares-inc-fremont-oh--1071726.pdf
Cleveland_Documents/croghan-bancshares-inc-fremont-oh-1071726.pdf
Cleveland_Documents/csb-bancorp-inc-millersburg-oh--1967865.pdf
Cleveland_Documents/csb-bancorp-inc-millersburg-oh-1967865.pdf
Cleveland_Documents/csb-bancorp-millersburg-oh--1967865.pdf
Cleveland_Documents/cumberland-valley-financial-corporation-london-ky--1071463.pdf
Cleveland_Documents/cumberland-valley-financial-corporation-london-ky-1071463.pdf
Cleveland_Documents/dcb-financial-corp-lewis-center-oh--2497462.pdf
Cleveland_Documents/dcb-financial-corp-lewis-center-oh-2497462.pdf
Cleveland_Documents/diamond-bancshares-inc-antwerp-oh--1129896.pdf
Cleveland_Documents/diamond-bancshares-inc-antwerp-oh-1129896.pdf
Cleveland_Documents/dollar-mutual-bancorp-5218097.pdf
Cleveland_Documents/dollar-mutual-bancorp-pittsburgh-pa-5218097.pdf
Cleveland_Documents/double-bottomline-corp-caldwell-oh-5614420.pdf
Cleveland_Documents/eagle-financial-bancorp-inc-cincinnati-oh--5112542.pdf
Cleveland_Documents/eagle-financial-bancorp-inc-cincinnati-oh-5112542.pdf
Cleveland_Documents/edon-bancorp-inc-edon-oh--4315999.pdf
Cleveland_Documents/edon-bancorp-inc-edon-oh-4315999.pdf
Cleveland_Documents/emclaire-financial-corp-emlenton-pa--1480944.pdf
Cleveland_Documents/emclaire-financial-corp-emlenton-pa-1480944.pdf
Cleveland_Documents/empire-bancshares-inc-hicksville-oh--1071333.pdf
Cleveland_Documents/empire-bancshares-inc-hicksville-oh-1071333.pdf
Cleveland_Documents/esb-financial-corporation-ellwood-city-pa--1924925.pdf
Cleveland_Documents/eureka-financial-corp-pittsburgh-pa--3831317.pdf
Cleveland_Documents/eureka-financial-corporation-pittsburgh-pa-3831317.pdf
Cleveland_Documents/excel-bancorp-llc-saint-clairsville-oh---4028730.pdf
Cleveland_Documents/excel-bancorp-llc-saint-clairsville-oh--4028730.pdf
Cleveland_Documents/excel-bancorp-llc-saint-clairsville-oh-4028730.pdf
Cleveland_Documents/f-and-m-bancorp-miamisburg-oh--1071155.pdf
Cleveland_Documents/farmers--merchants-bancorp-inc-archbold-oh--1134630.pdf
Cleveland_Documents/farmers--merchants-bancorp-inc-archbold-oh-1134630.pdf
Cleveland_Documents/farmers-and-merchants-bancorp-inc-archbold-oh--1134630.pdf
Cleveland_Documents/farmers-and-merchants-bancorp-inc-archbold-oh-1134630.pdf
Cleveland_Documents/farmers-and-merchants-bancorp-of-western-pennsylvania-inc-kittanning-pa--2264404.pdf
Cleveland_Documents/farmers-bancorp-of-nicholasville-inc-nicholasville-ky--1071771.pdf
Cleveland_Documents/farmers-bancorp-of-nicholasville-inc-nicholasville-ky-1071771.pdf
Cleveland_Documents/farmers-bancorp-of-nicholasville-inc-nicholasville-ky-1071771pdf.pdf
Cleveland_Documents/farmers-bancshares-inc-1132814.pdf
Cleveland_Documents/farmers-bancshares-inc-pomeroy-oh--1132814.pdf
Cleveland_Documents/farmers-bancshares-inc-pomeroy-oh-1132814.pdf
Cleveland_Documents/farmers-bancshares-pomeroy-oh--1132814.pdf
Cleveland_Documents/farmers-deposit-bancorp-inc-cynthiana-ky--1071511.pdf
Cleveland_Documents/farmers-deposit-bancorp-inc-cynthiana-ky-1071511.pdf
Cleveland_Documents/farmers-merchants-bancorp-inc-archbold-oh-1134630.pdf
Cleveland_Documents/farmers-national-banc-corp-canfield-oh--1071191.pdf
Cleveland_Documents/farmers-national-banc-corp-canfield-oh-1071191.pdf
Cleveland_Documents/farmers-national-bancorp-of-cynthiana-cynthiana-ky--1071511.pdf
Cleveland_Documents/farmmerc-caldwell-oh--1249904.pdf
Cleveland_Documents/farmmerc-inc-caldwell-oh--1249909.pdf
Cleveland_Documents/farmmerc-inc-caldwell-oh-1249909.pdf
Cleveland_Documents/farmmerc-inccaldwell-oh--1249909.pdf
Cleveland_Documents/fedfirst-financial-corporation-monessen-pa--3831296.pdf
Cleveland_Documents/ffd-financial-corporation-dover-oh--2506805.pdf
Cleveland_Documents/ffd-financial-corporation-dover-oh-2506805.pdf
Cleveland_Documents/fidelity-federal-savings--loan-association-mhc-delaware-oh--4253000.pdf
Cleveland_Documents/fidelity-federal-savings--loan-association-mhc-delaware-oh-4253000.pdf
Cleveland_Documents/fidelity-federal-savings-and-loan-association-delaware-oh--4253000.pdf
Cleveland_Documents/fidelity-federal-savings-and-loan-association-mhc-delaware-oh--4253000.pdf
Cleveland_Documents/fidelity-federal-savings-and-loan-association-mhc-delaware-oh-4253000.pdf
Cleveland_Documents/fifth-third-bancorp-cincinnati-oh--1070345.pdf
Cleveland_Documents/fifth-third-bancorp-cincinnati-oh-1070345.pdf
Cleveland_Documents/first--peoples-bancshares-inc-russell-ky--1363935.pdf
Cleveland_Documents/first--peoples-bancshares-inc-russell-ky-1363935.pdf
Cleveland_Documents/first-and-federal-savings-and-loan-association-mhc-van-wert-oh--4028860.pdf
Cleveland_Documents/first-and-peoples-bancshares-inc-russel-ky-1363935.pdf
Cleveland_Documents/first-and-peoples-bancshares-inc-russell-ky--1363935.pdf
Cleveland_Documents/first-bancshares-inc-bellevue-oh--1071258.pdf
Cleveland_Documents/first-bancshares-inc-bellevue-oh-1071258.pdf
Cleveland_Documents/first-bank-of-kentucky-corporation-maysville-ky--1071575.pdf
Cleveland_Documents/first-bank-of-kentucky-corporation-maysville-ky-1071575.pdf
Cleveland_Documents/first-blanchester-bancshares-inc-blanchester-oh--1859193.pdf
Cleveland_Documents/first-blanchester-bancshares-inc-blanchester-oh-1859193.pdf
Cleveland_Documents/first-blanchestser-bancshares-inc-blanchester-oh--1859193.pdf
Cleveland_Documents/first-citizens-banc-corp-sandusky-oh--1246533.pdf
Cleveland_Documents/first-commerce-bancorp-inc-somerset-ky--2909170.pdf
Cleveland_Documents/first-commerce-bancorp-inc-somerset-ky-2909170.pdf
Cleveland_Documents/first-commonwealth-financial-corporation-indiana-pa--1071306.pdf
Cleveland_Documents/first-commonwealth-financial-corporation-indiana-pa-1071306.pdf
Cleveland_Documents/first-defiance-financial-corporation-defiance-oh--3316917.pdf
Cleveland_Documents/first-defiance-financial-corporation-defiance-oh-3316917.pdf
Cleveland_Documents/first-feddelta-bancshares-inc-delta-oh-4151919.pdf
Cleveland_Documents/first-feddelta-bancshares-mhc-4151919.pdf
Cleveland_Documents/first-feddelta-bancshares-mhc-delta-oh--4151919.pdf
Cleveland_Documents/first-feddelta-bancshares-mhc-delta-oh-4151919.pdf
Cleveland_Documents/first-feddelta-bancshares-mhc-deltaoh--4151919.pdf
Cleveland_Documents/first-federal-mhc-hazard-kentucky-3824476.pdf
Cleveland_Documents/first-federal-mhc-hazard-ky--3824473.pdf
Cleveland_Documents/first-federal-mhc-hazard-ky--3824476.pdf
Cleveland_Documents/first-federal-mhc-hazard-ky-3824473.pdf
Cleveland_Documents/first-federal-mhc-hazard-ky-3824476.pdf
Cleveland_Documents/first-federal-savings--loan-association-of-van-wert-mhc-van-wert-oh--4028860.pdf
Cleveland_Documents/first-federal-savings--loan-association-of-van-wert-mhc-van-wert-oh-4028860.pdf
Cleveland_Documents/first-federal-savings-and-loan-association-mhc-van-wert-oh--4028860.pdf
Cleveland_Documents/first-federal-savings-loan-assn-of-van-wert-mhc-van-wert-oh-4028860.pdf
Cleveland_Documents/first-federal-savings-loan-association-of-van-wert-mhc-van-wert-oh-4028860.pdf
Cleveland_Documents/first-financial-bancorp-cincinnati-oh--1071276.pdf
Cleveland_Documents/first-financial-bancorp-cincinnati-oh-1071276.pdf
Cleveland_Documents/first-grayson-bancorp-inc-grayson-ky--1823747.pdf
Cleveland_Documents/first-grayson-bancorp-inc-grayson-ky-1823747.pdf
Cleveland_Documents/first-mutual-holding-co-lakewood-oh--4843090.pdf
Cleveland_Documents/first-mutual-holding-co-lakewood-oh-4843090.pdf
Cleveland_Documents/first-national-financial-corporation-manchester-ky--1427220.pdf
Cleveland_Documents/first-national-financial-corporation-manchester-ky-1427220.pdf
Cleveland_Documents/first-national-holding-company-of-jackson-jackson-ky--1132168.pdf
Cleveland_Documents/first-national-london-bancshares-corp-london-ky--1071409.pdf
Cleveland_Documents/first-national-london-bankshares-corp-london-oh-1071409.pdf
Cleveland_Documents/first-national-london-bankshares-corporation-london-ky--1071409.pdf
Cleveland_Documents/first-national-london-bankshares-corporation-london-ky-1071409.pdf
Cleveland_Documents/first-national-london-bankshares-london-ky--1071409.pdf
Cleveland_Documents/first-niles-financial-inc-niles-oh--3828634.pdf
Cleveland_Documents/first-niles-financial-inc-niles-oh-3828634.pdf
Cleveland_Documents/first-prestonsburg-bancshares-inc-prestonsburg-ky--1071043.pdf
Cleveland_Documents/first-prestonsburg-bancshares-inc-prestonsburg-ky-1071043.pdf
Cleveland_Documents/first-southern-bancorp-inc-standard-ky--1247987.pdf
Cleveland_Documents/first-southern-bancorp-inc-stanford-ky--1247987.pdf
Cleveland_Documents/first-southern-bancorp-inc-stanford-ky-1247987.pdf
Cleveland_Documents/first-state-bancorp-inc-winchester-oh--2376941.pdf
Cleveland_Documents/first-state-bancorp-inc-winchester-oh-2376941.pdf
Cleveland_Documents/first-state-bancorp-inc-winchester-oh-2376941_.pdf
Cleveland_Documents/first-state-bancshares-inc-ky-1070998.pdf
Cleveland_Documents/first-state-bancshares-inc-middlesboro-ky--1070998.pdf
Cleveland_Documents/first-state-bancshares-inc-middlesboro-ky-1070998.pdf
Cleveland_Documents/first-west-virginia-banchares-inc-wheeling-wv--1070336.pdf
Cleveland_Documents/first-west-virginia-bancorp-inc-wheeling-wv--1070336.pdf
Cleveland_Documents/first-west-virginia-bancorp-inc-wheeling-wv-1070336.pdf
Cleveland_Documents/firstmerit-corporation-akron-oh--1070804.pdf
Cleveland_Documents/fjsb-banchares-inc-ft-jennings-oh--2524443.pdf
Cleveland_Documents/fjsb-bancshares-inc-fort-jennings-oh-2524443.pdf
Cleveland_Documents/fjsb-bancshares-inc-ft-jennings-oh--2524443.pdf
Cleveland_Documents/fjsb-bancshares-inc-ft-jennings-oh-2524443.pdf
Cleveland_Documents/fm-bancorp-miamisburg-oh--1071155.pdf
Cleveland_Documents/fm-bancorp-miamisburg-oh-1071155.pdf
Cleveland_Documents/fnb-bancshares-inc-brooksville-ky--2262503.pdf
Cleveland_Documents/fnb-bancshares-inc-brooksville-ky-2262503.pdf
Cleveland_Documents/fnb-bancshares-inc-sycamore-oh--4226693.pdf
Cleveland_Documents/fnb-bancshares-inc-sycamore-oh-4226693.pdf
Cleveland_Documents/fnb-corporation-hermitage-pa--3005332.pdf
Cleveland_Documents/fnb-corporation-pittsburgh-pa--3005332.pdf
Cleveland_Documents/fnb-corporation-pittsburgh-pa-3005332.pdf
Cleveland_Documents/fnb-inc-dennison-oh--1417267.pdf
Cleveland_Documents/fnb-inc-dennison-oh-1417267.pdf
Cleveland_Documents/fnb-inc-grant-oh--1417267.pdf
Cleveland_Documents/fnb-shares-inc-mcconnelsville-oh--1137891.pdf
Cleveland_Documents/fnb-shares-inc-mcconnelsville-oh-1137891.pdf
Cleveland_Documents/forcht-bancorp-inc-corbin-ky--3446346.pdf
Cleveland_Documents/forcht-bancorp-inc-corbin-ky-3446346.pdf
Cleveland_Documents/fryburg-banking-company-inc-fryburg-pa--2687601.pdf
Cleveland_Documents/fryburg-banking-company-inc-fryburg-pa-2687601.pdf
Cleveland_Documents/fsb-financial-corp-new-madison-oh--1071605.pdf
Cleveland_Documents/fsb-financial-corp-new-madison-oh-1071605.pdf
Cleveland_Documents/garfield-acquisition-corp-cincinnati-oh--3827945.pdf
Cleveland_Documents/garfield-acquisition-corp-cincinnati-oh-3827945.pdf
Cleveland_Documents/genbanc-inc-genoa-oh--1071388.pdf
Cleveland_Documents/genbanc-inc-genoa-oh-1071388.pdf
Cleveland_Documents/genbanc-inc-genoaoh--1071388.pdf
Cleveland_Documents/genbeach-co-inc-beattyville-ky--1246944.pdf
Cleveland_Documents/genbeach-co-inc-winchester-ky-1246944.pdf
Cleveland_Documents/genbeach-company-inc-beattyville-ky--1246944.pdf
Cleveland_Documents/genbeach-company-inc-beattyville-ky-1246944.pdf
Cleveland_Documents/genbeach-company-inc-winchester-kentucky-1246944.pdf
Cleveland_Documents/genbeach-company-inc-winchester-ky-1246944.pdf
Cleveland_Documents/gillmore-financial-service-inc-old-fort-oh--2257620.pdf
Cleveland_Documents/gillmore-financial-services-inc-old-fort-oh--2257620.pdf
Cleveland_Documents/grant-county-bancorp-1130070.pdf
Cleveland_Documents/greenville-federal-mhc-3828595.pdf
Cleveland_Documents/greenville-federal-mhc-greenville-oh--3828595.pdf
Cleveland_Documents/greenville-federal-mhc-greenville-oh-3828595.pdf
Cleveland_Documents/greenville-national-bancorp-greenville-oh--1071566.pdf
Cleveland_Documents/greenville-national-bancorp-greenville-oh-1071566.pdf
Cleveland_Documents/greenville-national-bancorp-inc-greenville-oh--1071566.pdf
Cleveland_Documents/greenville-national-bancorp-inc-greenville-oh-1071566.pdf
Cleveland_Documents/guardian-bancop-westchestser-oh---3827949.pdf
Cleveland_Documents/guardian-bancorp-inc-west-chester-oh--3827927.pdf
Cleveland_Documents/guardian-bancorp-inc-west-chester-oh-3827927.pdf
Cleveland_Documents/guardian-bancorp-west-chester-oh--3827927.pdf
Cleveland_Documents/guardian-bancorp-west-chester-oh-3827927.pdf
Cleveland_Documents/guernsey-bancorp-inc-westerville-oh--3816501.pdf
Cleveland_Documents/hazard-bancorp-hazard-ky--1357082.pdf
Cleveland_Documents/hazard-bancorp-hazard-ky-1357082.pdf
Cleveland_Documents/heartland-banccorp-gahanna-oh--1399073.pdf
Cleveland_Documents/heartland-banccorp-gahanna-oh-1399073.pdf
Cleveland_Documents/heartland-banccorp-whitehall-oh-1399073.pdf
Cleveland_Documents/hfb-financial-corporation-3066977.pdf
Cleveland_Documents/hfb-financial-corporation-middlesboro-ky--3066977.pdf
Cleveland_Documents/hfb-financial-corporation-middlesboro-ky-3066977.pdf
Cleveland_Documents/hocking-valley-bancshares-athens-oh-2170868.pdf
Cleveland_Documents/hocking-valley-bancshares-inc-athens-oh--2170868.pdf
Cleveland_Documents/hocking-valley-bancshares-inc-athens-oh-2170868.pdf
Cleveland_Documents/hocking-valley-bancshares-inc-athens-oh-2180868.pdf
Cleveland_Documents/home-city-financial-corp--springfield-oh--2589406.pdf
Cleveland_Documents/home-city-financial-corp--springfield-oh-2589406.pdf
Cleveland_Documents/home-city-financial-corporation-springfield-oh--2589406.pdf
Cleveland_Documents/home-financial-corporation-coshocton-oh-382811.pdf
Cleveland_Documents/home-loan-financial-corp-coshocton-oh--3828111.pdf
Cleveland_Documents/home-loan-financial-corporation-coschocton-oh--3828111.pdf
Cleveland_Documents/home-loan-financial-corporation-coshocton-oh--3828111.pdf
Cleveland_Documents/home-loan-financial-corporation-coshocton-oh-3828111.pdf
Cleveland_Documents/hometown-bancorp-inc-kent-oh--3311202.pdf
Cleveland_Documents/hometown-bancorp-inc-kent-oh-3311202.pdf
Cleveland_Documents/hometown-bancorp-inc-kent-oh3311202.pdf
Cleveland_Documents/hometown-bancorp-kent-oh-3311202.pdf
Cleveland_Documents/hometown-bancshares-inc-corbin-ky--2955300.pdf
Cleveland_Documents/hometown-bancshares-inc-corbin-ky-2955300.pdf
Cleveland_Documents/hometown-bancshares-inc-middlebourne-wv--2687580.pdf
Cleveland_Documents/hometown-bancshares-inc-middlebourne-wv-2687580.pdf
Cleveland_Documents/huntington-bancshares-columbus-oh--1068191.pdf
Cleveland_Documents/huntington-bancshares-inc-columbus-oh--1068191.pdf
Cleveland_Documents/huntington-bancshares-inc-columbus-oh-1068191.pdf
Cleveland_Documents/huntington-bancshares-incorporated-columbus-oh-1068191.pdf
Cleveland_Documents/independence-banccorp-independence-oh---1070970.pdf
Cleveland_Documents/independence-banccorp-independence-oh--1070970.pdf
Cleveland_Documents/independence-banccorp-independence-oh-1070970.pdf
Cleveland_Documents/infirst-bancorp-mhc-indiana-pa--4442224.pdf
Cleveland_Documents/infirst-bancorp-mhc-indiana-pa-4442224.pdf
Cleveland_Documents/john-r-turner-holding-co-jackson-ky--2753869.pdf
Cleveland_Documents/john-r-turner-holding-company-jackson-ky--2753869.pdf
Cleveland_Documents/john-r-turner-holding-company-jackson-ky-2753869.pdf
Cleveland_Documents/kentucky-bancshares-inc-paris-ky--1070831.pdf
Cleveland_Documents/kentucky-bancshares-inc-paris-ky-1070831.pdf
Cleveland_Documents/keycorp-cleveland-oh--1068025.pdf
Cleveland_Documents/keycorp-cleveland-oh-1068025.pdf
Cleveland_Documents/keystrong-financial-inc-3631012.pdf
Cleveland_Documents/keystrong-financial-inc-elderton-pa--3631012.pdf
Cleveland_Documents/keystrong-financial-inc-elderton-pa-3631012.pdf
Cleveland_Documents/killbuck-bancshare-inc-killbuck-oh--2010759.pdf
Cleveland_Documents/killbuck-bancshares-inc-killbuck-oh--2010759.pdf
Cleveland_Documents/killbuck-bancshares-inc-killbuck-oh-2010759.pdf
Cleveland_Documents/killbuck-bancshares-inc-killbuck-oh2010759.pdf
Cleveland_Documents/kingston-bancshares-inc-kingston-oh--2246400.pdf
Cleveland_Documents/kingston-bancshares-inc-kingston-oh-2246400.pdf
Cleveland_Documents/lawrence-keister--co-scottdale-pa--1069273.pdf
Cleveland_Documents/lawrence-keister-and-co-scottdale-pa--1069273.pdf
Cleveland_Documents/lawrence-keister-and-company-scottdale-pa--1069273.pdf
Cleveland_Documents/lawrence-keister-co-scottdale-pa-1069273.pdf
Cleveland_Documents/lcnb-corp-lebanon-oh--2759900.pdf
Cleveland_Documents/lcnb-corp-lebanon-oh-2759900.pdf
Cleveland_Documents/liberty-bancsahres-inc-ada-oh--1246579.pdf
Cleveland_Documents/liberty-bancshares-inc-1246579.pdf
Cleveland_Documents/liberty-bancshares-inc-ada-oh--1246579.pdf
Cleveland_Documents/liberty-bancshares-inc-ada-oh-1246579.pdf
Cleveland_Documents/liberty-capital-inc-wilmington-oh--1145001.pdf
Cleveland_Documents/liberty-capital-inc-wilmington-oh-1145001.pdf
Cleveland_Documents/liberty-federal-bancorp-inc-ironton-oh--4099365.pdf
Cleveland_Documents/liberty-federal-bancorp-inc-ironton-oh-4099365.pdf
Cleveland_Documents/liberty-federal-bancorp-ironton-oh--4099365.pdf
Cleveland_Documents/liberty-federal-bancorp-mhc-ironton-oh--4099365.pdf
Cleveland_Documents/liberty-federal-bancorp-mhc-ironton-oh-4099365.pdf
Cleveland_Documents/lnb-bancorp-inc--lorain-oh--1071669.pdf
Cleveland_Documents/lnb-bancorp-inc-lorain-oh--1071669.pdf
Cleveland_Documents/macys-inc--cincinnati-oh--4103310.pdf
Cleveland_Documents/macys-inc-4103310.pdf
Cleveland_Documents/macys-inc-cincinnati-oh--4103310.pdf
Cleveland_Documents/macys-inc-cincinnati-oh-4103310.pdf
Cleveland_Documents/macys-inc-new-york-ny-4103310.pdf
Cleveland_Documents/madison-financial-corp-richmond-ky--2747260.pdf
Cleveland_Documents/madison-financial-corporation-richmond-ky--2747260.pdf
Cleveland_Documents/magnolia-bancorp-inc-magnolia-oh--2402813.pdf
Cleveland_Documents/magnolia-bancorp-inc-magnolia-oh-2402813.pdf
Cleveland_Documents/main-street-financial-services-corp-wheeling-wv--3178900.pdf
Cleveland_Documents/main-street-financial-services-corp-wheeling-wv-3178900.pdf
Cleveland_Documents/mangolia-bancorp-inc-magnolia-oh--2402813.pdf
Cleveland_Documents/maple-leaf-financial-inc-newbury-oh--3828625.pdf
Cleveland_Documents/maple-leaf-financial-inc-newbury-oh-3828625.pdf
Cleveland_Documents/marblehead-bancorp-marblehead-oh--2375449.pdf
Cleveland_Documents/marblehead-bancorp-marblehead-oh-2375449.pdf
Cleveland_Documents/marblehead-bancorp-marblehead-ohio-2375449.pdf
Cleveland_Documents/mars-bancorp-inc-mars-pa-4655266.pdf
Cleveland_Documents/mars-national-bancorp-inc-mars-pa---4655266.pdf
Cleveland_Documents/mars-national-bancorp-inc-mars-pa--4655266.pdf
Cleveland_Documents/mars-national-bancorp-inc-mars-pa-4655266.pdf
Cleveland_Documents/mars-national-group-inc-mars-pa--4655266.pdf
Cleveland_Documents/mccreary-bancshares-inc-whitely-city-ky--1071342.pdf
Cleveland_Documents/mccreary-bancshares-inc-whitley-city-ky--1071342.pdf
Cleveland_Documents/mccreary-bancshares-inc-whitley-city-ky-1071342.pdf
Cleveland_Documents/mechanics-financial-corporation-mansfield-oh--2395326.pdf
Cleveland_Documents/mechanics-financial-corporation-mansfield-oh-2395326.pdf
Cleveland_Documents/mercer-bancorp-inc-celina-oh-5838365.pdf
Cleveland_Documents/mercer-county-state-bancorp-inc-sandy-lake-pa--1247183.pdf
Cleveland_Documents/mercer-county-state-bancorp-inc-sandy-lake-pa-1247183.pdf
Cleveland_Documents/mercer-county-state-bancorp-inc-sandy-lake-pennsylvania-1247183.pdf
Cleveland_Documents/merchants-bancorp-inc-hillsboro-oh--2485487.pdf
Cleveland_Documents/merchants-bancorp-inc-hillsboro-oh-2485487.pdf
Cleveland_Documents/merchants-bancorp-inc-hillsboro-ohio-2485487.pdf
Cleveland_Documents/metamora-bancorp-inc-metamora-oh---1133204.pdf
Cleveland_Documents/metamora-bancorp-inc-metamora-oh--1133204.pdf
Cleveland_Documents/metamora-bancorp-inc-metamora-oh-1133204.pdf
Cleveland_Documents/metamora-bancorpinc-metamora-oh--1133204.pdf
Cleveland_Documents/middlefield-banc-corp-middlefield-oh--1398740.pdf
Cleveland_Documents/middlefield-banc-corp-middlefield-oh-1398740.pdf
Cleveland_Documents/middlefield-banccorp-middlefield-oh--1398740.pdf
Cleveland_Documents/middlefork-financial-group-inc-hyden-ky--1071539.pdf
Cleveland_Documents/middlefork-financial-group-inc-hyden-ky-1071539.pdf
Cleveland_Documents/midwest-bancshares-inc-wellston-oh--3656529.pdf
Cleveland_Documents/milton-bancorp-inc-wellston-oh--2651572.pdf
Cleveland_Documents/minster-financial-corp-minster-oh--2795702.pdf
Cleveland_Documents/minster-financial-corp-minster-oh-2795702.pdf
Cleveland_Documents/monitor-bancorp-inc-big-prairie-oh--2575735.pdf
Cleveland_Documents/monitor-bancorp-inc-big-prairie-oh-2575735.pdf
Cleveland_Documents/mountain-bancorp-inc-west-liberty-ky--1071249.pdf
Cleveland_Documents/mountain-bancorp-inc-west-liberty-ky-1071249.pdf
Cleveland_Documents/msb-capital-corporation-columbus-oh--3828054.pdf
Cleveland_Documents/msb-capital-corporation-columbus-oh-3828054.pdf
Cleveland_Documents/msb-capital-corporation-westerville-oh-3828054.pdf
Cleveland_Documents/msb-captial-corporation-columbus-oh--3828054.pdf
Cleveland_Documents/muskingum-valley-bancshares-inc-beverly-oh--1071856.pdf
Cleveland_Documents/muskingum-valley-bancshares-inc-beverly-oh-1071856.pdf
Cleveland_Documents/mutual-holding-company-of-western-pennsylvania-bethel-park-pa--2394628.pdf
Cleveland_Documents/mutual-holding-company-of-western-pennsylvania-bethel-park-pa-2394628.pdf
Cleveland_Documents/mw-bancorp-inc-cincinnati-oh--4807720.pdf
Cleveland_Documents/mw-bancorp-inc-cincinnati-oh-4807720.pdf
Cleveland_Documents/mw-bancorp-inc-cincinnati-oh4807720.pdf
Cleveland_Documents/national-bancshares-corporation-orrville-oh--1137985.pdf
Cleveland_Documents/nationwide-mutual-insurance-company-columbus-oh--3828072.pdf
Cleveland_Documents/nationwide-mutual-insurance-company-columbus-oh--3828081.pdf
Cleveland_Documents/nationwide-mutual-insurance-company-columbus-pa--3828081.pdf
Cleveland_Documents/nbt-financial-group-inc-wilmington-oh--1070756.pdf
Cleveland_Documents/new-richmond-bancorporation-new-richmond-oh--1070541.pdf
Cleveland_Documents/new-richmond-bancorporation-new-richmond-oh-1070541.pdf
Cleveland_Documents/new-ricmond-bancorporation-new-richmond-oh--1070541.pdf
Cleveland_Documents/nextier-incorporated-butler-pa--1070569.pdf
Cleveland_Documents/nextier-incorporated-kittaning-pa--2264404.pdf
Cleveland_Documents/nextier-incorporated-kittanning-pa--2264404.pdf
Cleveland_Documents/nextier-incorporated-kittanning-pa-2264404.pdf
Cleveland_Documents/north-valley-bancshares-inc-zanesville-oh--3264193.pdf
Cleveland_Documents/north-valley-bancshares-inc-zanesville-oh-3264193.pdf
Cleveland_Documents/north-valley-bancshares-zanesville-oh--3264193.pdf
Cleveland_Documents/north-valley-bancshares-zanesville-oh-3264193.pdf
Cleveland_Documents/northwest-bancshares-inc-columbus-oh-4122722.pdf
Cleveland_Documents/northwest-bancshares-inc-warren-pa--4122722.pdf
Cleveland_Documents/northwest-bancshares-inc-warren-pa-16365.pdf
Cleveland_Documents/northwest-bancshares-inc-warren-pa-4122722.pdf
Cleveland_Documents/ohio-farmers-insurance-company-westfield-center-oh--3828661.pdf
Cleveland_Documents/ohio-farmers-insurance-company-westfield-center-oh-3828661.pdf
Cleveland_Documents/ohio-farmers-insurance-company-westfield-oh-3828661.pdf
Cleveland_Documents/ohio-heritage-bancorp-coshocton-oh--2347035.pdf
Cleveland_Documents/ohio-valley-banc-corp-gallipolis-oh--2012436.pdf
Cleveland_Documents/ohio-valley-banc-corp-gallipolis-oh-2012436.pdf
Cleveland_Documents/ohio-valley-banc-gallipolis-oh--2012436.pdf
Cleveland_Documents/old-fort-banking-company-employee-stock-ownership-and-401-k-plan-old-fort-oh-4902465.pdf
Cleveland_Documents/old-fort-banking-company-esop--401k-plan-old-fort-oh--4902465.pdf
Cleveland_Documents/old-fort-banking-company-esop-401k-plan-old-fort-oh-4902465.pdf
Cleveland_Documents/old-fort-banking-company-esop-and-401k-plan-old-fort-oh-4902465.pdf
Cleveland_Documents/osb-bancorp-inc-osgood-oh--2582452.pdf
Cleveland_Documents/osb-bancorp-inc-osgood-oh-2582452.pdf
Cleveland_Documents/osb-bancorp-osgood-oh--2582452.pdf
Cleveland_Documents/pandora-bancshares-inc-pandora-oh--1139149.pdf
Cleveland_Documents/pandora-bancshares-inc-pandora-oh-1139149.pdf
Cleveland_Documents/pandora-bancshares-incorporated-pandora-oh-1139149.pdf
Cleveland_Documents/park-national-bank-newark-oh-1142336.pdf
Cleveland_Documents/park-national-corporation-newark-oh--1142336.pdf
Cleveland_Documents/park-national-corporation-newark-oh-1142336.pdf
Cleveland_Documents/peoples-bancorp-inc-marietta-oh--1070578.pdf
Cleveland_Documents/peoples-bancorp-inc-marietta-oh-1070578.pdf
Cleveland_Documents/peoples-bancorp-of-mt--pleasant-inc--mt--pleasant-oh-2293909.pdf
Cleveland_Documents/peoples-bancorp-of-mt-pleasant-inc-mt-pleasant-oh--2293909.pdf
Cleveland_Documents/peoples-bancorp-of-mt-pleasant-inc-mt-pleasant-oh-2293909.pdf
Cleveland_Documents/peoples-bancshares-of-gambier-inc-gambier-oh--1427734.pdf
Cleveland_Documents/peoples-bancshares-of-gambier-inc-gambier-oh-1427734.pdf
Cleveland_Documents/peoples-holding-company-inc-coldwater-oh--2684543.pdf
Cleveland_Documents/peoples-holding-company-inc-coldwater-oh-2684543.pdf
Cleveland_Documents/peoples-holding-company-inc-coldwater-ohio-2684543.pdf
Cleveland_Documents/peoples-national-bancshares-inc-new-lexington-oh--2438399.pdf
Cleveland_Documents/peoples-national-bancshares-inc-new-lexington-oh-2438399.pdf
Cleveland_Documents/peoples-of-fleming-county-bancorp-inc-flemingburg-ky--2356701.pdf
Cleveland_Documents/peoples-of-fleming-county-bancorp-inc-flemingsburg-ky--2356701.pdf
Cleveland_Documents/peoples-of-fleming-county-bancorp-inc-flemingsburg-ky-2356701.pdf
Cleveland_Documents/peoples-security-bancorp-louisa-ky--1071584.pdf
Cleveland_Documents/peoples-sidney-financial-corporation-sidney-oh--3828643.pdf
Cleveland_Documents/peoples-sidney-financial-corporation-sidney-oh-3828643.pdf
Cleveland_Documents/peoples-sidney-financial-corporation-sidney-oh-rssd-3828643.pdf
Cleveland_Documents/peoplessidney-financial-corporation-sidney-oh--3828643.pdf
Cleveland_Documents/pnc-financial-services-group-inc-pittsburgh-pa--1069778.pdf
Cleveland_Documents/pnc-financial-services-group-inc-pittsburgh-pa-1069778.pdf
Cleveland_Documents/pnc-financial-services-group-inc-the-pittsburgh-pa-1069778.pdf
Cleveland_Documents/pnc-financial-services-inc-pittsburgh-pa--1069778.pdf
Cleveland_Documents/poage-bankshares-inc-ashland-ky--4303969.pdf
Cleveland_Documents/poage-bankshares-inc-ashland-ky-4303969.pdf
Cleveland_Documents/portage-bancorp-inc-ravenna-oh--2668589.pdf
Cleveland_Documents/portage-bancshares-inc-2668589.pdf
Cleveland_Documents/portage-bancshares-inc-ravenna-oh--2668589.pdf
Cleveland_Documents/portage-bancshares-inc-ravenna-oh-2668589.pdf
Cleveland_Documents/portage-bancshares-inc-ravenna-ohio-2668589.pdf
Cleveland_Documents/powhatan-point-community-bancshares-inc--2183886.pdf
Cleveland_Documents/powhatan-point-community-bancshares-inc-powhatan-point-oh--2183886.pdf
Cleveland_Documents/powhatan-point-community-bancshares-inc-powhatan-point-oh-2183886.pdf
Cleveland_Documents/powhatan-point-coummunity-bancshares-inc--2183886.pdf
Cleveland_Documents/premier-financial-corp-defiance-oh-3316917.pdf
Cleveland_Documents/psb-hiolding-inc-new-matamoras-oh--3213892.pdf
Cleveland_Documents/psb-holdings-inc-new-matamoras-oh--3213892.pdf
Cleveland_Documents/psb-holdings-inc-new-matamoras-oh-3213892.pdf
Cleveland_Documents/psb-holdings-inc-new-metamoras-oh--3213892.pdf
Cleveland_Documents/psb-holdings-inc-new-metamoras-oh-3213892.pdf
Cleveland_Documents/pvf-capital-corp-solon-oh--3828652.pdf
Cleveland_Documents/racine-hnb-inc-racine-oh-5786475.pdf
Cleveland_Documents/rbancshares-inc-marion-oh--4001162.pdf
Cleveland_Documents/richwood-bancshares-inc-richwood-oh---1250651.pdf
Cleveland_Documents/richwood-bancshares-inc-richwood-oh--1250651.pdf
Cleveland_Documents/richwood-bancshares-inc-richwood-oh-1250651.pdf
Cleveland_Documents/rockcastle-bancorp-inc-brodhead-ky--2262268.pdf
Cleveland_Documents/rockcastle-bancorp-inc-brodhead-ky-2262268.pdf
Cleveland_Documents/rockcastle-bancorp-inc-brodheadky--2262268.pdf
Cleveland_Documents/rockhold-bancshares-inc-bainbridge-oh--2855576.pdf
Cleveland_Documents/rockhold-bancshares-inc-bainbridge-oh-2855576.pdf
Cleveland_Documents/rockhold-brown-bancshares-inc-bainbridge-oh-2855576.pdf
Cleveland_Documents/rockholdbrown-bancshares-inc-bainbridge-oh--235316.pdf
Cleveland_Documents/rockholdbrown-bancshares-inc-bainbridge-oh--2855576.pdf
Cleveland_Documents/savings-bancorp-inc-circleville-nc--2950716.pdf
Cleveland_Documents/savings-bancorp-inc-circleville-oh--2950716.pdf
Cleveland_Documents/savings-bancorp-inc-circleville-oh--578116.pdf
Cleveland_Documents/savings-bancorp-inc-circleville-oh-2950716.pdf
Cleveland_Documents/sb-financial-group-inc-defiance-oh--1071454.pdf
Cleveland_Documents/sb-financial-group-inc-defiance-oh-1071454.pdf
Cleveland_Documents/security-bancorp-of-maysville-inc-maysville-ky--2952484.pdf
Cleveland_Documents/security-bancorp-of-maysville-inc-maysville-ky-2952484.pdf
Cleveland_Documents/seed-money-limited-partnership-allison-park-pa--2730048.pdf
Cleveland_Documents/seed-money-limited-partnership-allison-park-pa-2730048.pdf
Cleveland_Documents/seed-money-limited-partnerships-allison-park-pa-2730048.pdf
Cleveland_Documents/sherwood-banc-corporation-sherwood-oh--2705680.pdf
Cleveland_Documents/sherwood-banc-corporation-sherwood-oh--546320.pdf
Cleveland_Documents/sherwood-banc-corporation-sherwood-oh-2705680.pdf
Cleveland_Documents/signature-bancorp-inc-3076592.pdf
Cleveland_Documents/signature-bancorp-inc-toledo-oh--3076592.pdf
Cleveland_Documents/signature-bancorp-inc-toledo-oh-3076592.pdf
Cleveland_Documents/snb-bancorp-inc-salyersville-ky--2896207.pdf
Cleveland_Documents/snb-bancorp-inc-salyersville-ky-2896207.pdf
Cleveland_Documents/somerset-trust-holding-co-somerset-pa--2914857.pdf
Cleveland_Documents/somerset-trust-holding-company-somerset-pa---2914857.pdf
Cleveland_Documents/somerset-trust-holding-company-somerset-pa--2914857.pdf
Cleveland_Documents/somerset-trust-holding-company-somerset-pa-2914857.pdf
Cleveland_Documents/somerville-bancorp-5169667.pdf
Cleveland_Documents/somerville-bancorp-eaton-oh-5169667.pdf
Cleveland_Documents/somerville-bancorp-inc-somerville-oh-5169667.pdf
Cleveland_Documents/somerville-bancorp-somerville-oh-5169667.pdf
Cleveland_Documents/somerville-bancorp-somerville-ohio-5169667.pdf
Cleveland_Documents/ssb-bancorp-mhc-pittsburgh-pa-5161335.pdf
Cleveland_Documents/ssnb-inc-lancaster-oh--3338692.pdf
Cleveland_Documents/ssnb-inc-lancaster-oh-3338692.pdf
Cleveland_Documents/st-bancorp-inc-indiana-pa--1071397.pdf
Cleveland_Documents/st-bancorp-inc-indiana-pa-1071397.pdf
Cleveland_Documents/st-henry-bancorp-inc-st-henry-oh--4001144.pdf
Cleveland_Documents/st-henry-bancorp-inc-the--st-henry-oh--568126.pdf
Cleveland_Documents/st-henry-bancorp-inc-the-saint-henry-oh-4001144.pdf
Cleveland_Documents/standard-avb-financial-corp-monroeville-pa-4183442.pdf
Cleveland_Documents/standard-avb-financial-corp-murrysville-pa-4183442.pdf
Cleveland_Documents/standard-financial-corp-monreville-pa--4183442.pdf
Cleveland_Documents/standard-financial-corp-monroeville-pa--4183442.pdf
Cleveland_Documents/standard-financial-corp-monroeville-pa-4183442.pdf
Cleveland_Documents/standard-financial-monroeville-pa-4183442.pdf
Cleveland_Documents/strasburg-bancorp-inc-stasburg-oh--2623234.pdf
Cleveland_Documents/strasburg-bancorp-inc-strasburg-oh--2623234.pdf
Cleveland_Documents/strasburg-bancorp-inc-strasburg-oh-2623234.pdf
Cleveland_Documents/strasburg-bancorp-strasburg-oh--2623234.pdf
Cleveland_Documents/sutton-bancshares-inc-attica-oh--1134500.pdf
Cleveland_Documents/sutton-bancshares-inc-attica-oh-1134500.pdf
Cleveland_Documents/sv-bancorp-inc-wyoming-oh--3464340.pdf
Cleveland_Documents/sv-bancorp-inc-wyoming-oh--3644340.pdf
Cleveland_Documents/sv-bancorp-inc-wyoming-oh-3464340.pdf
Cleveland_Documents/sv-bancorp-wyoming-oh-3464340.pdf
Cleveland_Documents/tcnb-financial-corp-dayton-oh--2833127.pdf
Cleveland_Documents/the-apple-creek-banc-corp-apple-creek-oh-1248993.pdf
Cleveland_Documents/the-citizens-bancorp-of-morehead-incorporated-morehead-ky-1071865.pdf
Cleveland_Documents/the-first-national-holding-company-of-jackson-jackson-ky--1132168.pdf
Cleveland_Documents/the-first-national-holding-company-of-jackson-jackson-ky-1132168.pdf
Cleveland_Documents/the-st-henry-bancorp-inc-st-henry-oh--4001144.pdf
Cleveland_Documents/the-st-henry-bancorp-inc-st-henry-oh-4001144.pdf
Cleveland_Documents/third-federal-savings--loan-assoc-of-clev-mhc-cleveland-oh-3828036.pdf
Cleveland_Documents/third-federal-savings-and-loan-association-of-cleveland-mhc-3828036.pdf
Cleveland_Documents/third-federal-savings-and-loan-association-of-cleveland-mhc-cleveland-oh--3828036.pdf
Cleveland_Documents/third-federal-savings-and-loan-association-of-cleveland-mhc-cleveland-oh-3828036.pdf
Cleveland_Documents/third-street-bancshares-inc-marietta-oh--2747288.pdf
Cleveland_Documents/third-street-bancshares-inc-marietta-oh-2747288.pdf
Cleveland_Documents/tonti-financial-corp-columbus-oh--1069714.pdf
Cleveland_Documents/tonti-financial-corporation-columbus-oh--1069714.pdf
Cleveland_Documents/tonti-financial-corporation-columbus-oh-1069714.pdf
Cleveland_Documents/town-square-financial-corporation-ashland-ky-3213463.pdf
Cleveland_Documents/traditional-bancorp-inc-mount-sterling-ky--1070420.pdf
Cleveland_Documents/traditional-bancorporation-inc-mount-sterling-ky-1070420.pdf
Cleveland_Documents/traditional-bancorporation-inc-mt-sterling-ky--1070420.pdf
Cleveland_Documents/traditional-bancorporation-inc-mt-sterling-ky-1070420.pdf
Cleveland_Documents/tristate-1st-banc-inc-east-liverpool-oh--2421896.pdf
Cleveland_Documents/tristate-capital-holdings-inc-pittsburgh-pa--3475074.pdf
Cleveland_Documents/tristate-capital-holdings-inc-pittsburgh-pa-3475074.pdf
Cleveland_Documents/union-bancorp-inc-west-mansfield-oh--1071614.pdf
Cleveland_Documents/union-bancorp-inc-west-mansfield-oh-1071614.pdf
Cleveland_Documents/union-bancorp-west-mansfield-oh--1071614.pdf
Cleveland_Documents/united-bancorp-inc-martins-ferry-oh--1071502.pdf
Cleveland_Documents/united-bancorp-inc-martins-ferry-oh-1071502.pdf
Cleveland_Documents/united-bancshares-inc-columbus-grove-oh--1136009.pdf
Cleveland_Documents/united-bancshares-inc-columbus-grove-oh-1136009.pdf
Cleveland_Documents/united-bancshares-inc-columbus-grove-oh-136009.pdf
Cleveland_Documents/united-community-financial-corp-youngstown-oh--3831250.pdf
Cleveland_Documents/united-community-financial-corporation-youngstown-oh-3831250.pdf
Cleveland_Documents/valley-central-mhc-cincinnati-oh--4352574.pdf
Cleveland_Documents/valley-central-mhc-liberty-township-oh-4352574.pdf
Cleveland_Documents/versailles-financial-coporation-versailles-oh--4151544.pdf
Cleveland_Documents/versailles-financial-corporation-4151544.pdf
Cleveland_Documents/versailles-financial-corporation-versailles-oh--4151544.pdf
Cleveland_Documents/versailles-financial-corporation-versailles-oh-4151544.pdf
Cleveland_Documents/victory-bancorp-inc-forst-mitchell-ky--3824421.pdf
Cleveland_Documents/victory-bancorp-inc-fort-mitchell-ky--3824421.pdf
Cleveland_Documents/victory-bancorp-inc-fort-mitchell-ky-3824421.pdf
Cleveland_Documents/victory-bancshares-inc-mount-victory-oh-2266873.pdf
Cleveland_Documents/victory-bancshares-inc-mt-victory-oh--2266873.pdf
Cleveland_Documents/victory-bancshares-inc-mt-victory-oh--226873.pdf
Cleveland_Documents/victory-bancshares-inc-mt-victory-oh-2266873.pdf
Cleveland_Documents/victory-bancshares-mt-victory-oh--2266873.pdf
Cleveland_Documents/vwf-bancorp-inc-van-wert-oh-5723760.pdf
Cleveland_Documents/waterford-bancorp-inc-toledo-oh--3588415.pdf
Cleveland_Documents/waterford-bancorp-inc-toledo-oh-3588415.pdf
Cleveland_Documents/wayne-savings-bancshares-inc-wooster-oh--3271203.pdf
Cleveland_Documents/wayne-savings-bancshares-inc-wooster-oh-3271203.pdf
Cleveland_Documents/wesbanco-inc-wheeling-wv--1070448.pdf
Cleveland_Documents/wesbanco-inc-wheeling-wv-1070448.pdf
Cleveland_Documents/wesbanco-wheeling-wv--1070448.pdf
Cleveland_Documents/wfsb-mutal-holding-company-washington-pa--3831326.pdf
Cleveland_Documents/wfsb-mutual-holding-company-washington-pa---3831326.pdf
Cleveland_Documents/wfsb-mutual-holding-company-washington-pa--3831326.pdf
Cleveland_Documents/wfsb-mutual-holding-company-washington-pa-3831326.pdf
Cleveland_Documents/whitaker-bank-corporation-of-kentucky-lexington-ky--1466671.pdf
Cleveland_Documents/whitaker-bank-corporation-of-kentucky-lexington-ky--196667.pdf
Cleveland_Documents/whitaker-bank-corporation-of-kentucky-lexington-ky--1966671.pdf
Cleveland_Documents/whitaker-bank-corporation-of-kentucky-lexington-ky-1966671.pdf
Cleveland_Documents/winfirst-financial-corp-winchester-ky--1924783.pdf
Cleveland_Documents/winfirst-financial-corp-winchester-ky-1924783.pdf
Cleveland_Documents/winfirst-holding-corp-winchester-ky-1924783.pdf
Cleveland_Documents/wvs-financial-corp-pittsburgh-pa--2140115.pdf
Cleveland_Documents/wvs-financial-corp-pittsburgh-pa-2140115.pdf